"Date","AAPL","MSFT","SPY"
2007-01-03,83.8,29.86,141.37
2007-01-04,85.66,29.81,141.67
2007-01-05,85.05,29.64,140.54
2007-01-08,85.47,29.93,141.19
2007-01-09,92.57,29.96,141.07
2007-01-10,97,29.66,141.54
2007-01-11,95.8,30.7,142.16
2007-01-12,94.62,31.21,143.24
2007-01-16,97.1,31.16,142.96
2007-01-17,94.95,31.1,143.02
2007-01-18,89.07,31,142.54
2007-01-19,88.5,31.11,142.82
2007-01-22,86.79,30.72,142.38
2007-01-23,85.7,30.74,142.8
2007-01-24,86.7,31.09,143.95
2007-01-25,86.25,30.45,142.26
2007-01-26,85.38,30.6,142.13
2007-01-29,85.94,30.53,142.05
2007-01-30,85.55,30.48,142.79
2007-01-31,85.73,30.86,143.75
2007-02-01,84.74,30.56,144.61
2007-02-02,84.75,30.19,144.81
2007-02-05,83.94,29.61,144.85
2007-02-06,84.15,29.51,144.89
2007-02-07,86.15,29.37,145.21
2007-02-08,86.18,29.26,145.02
2007-02-09,83.27,28.98,143.94
2007-02-12,84.88,28.94,143.45
2007-02-13,84.7,29.01,144.66
2007-02-14,85.3,29.4,145.61
2007-02-15,85.21,29.46,145.8
2007-02-16,84.83,28.74,145.73
2007-02-20,85.9,28.83,146.04
2007-02-21,89.2,29.35,145.98
2007-02-22,89.51,29.39,145.87
2007-02-23,89.07,28.9,145.3
2007-02-26,88.51,29.07,145.17
2007-02-27,83.93,27.87,139.5
2007-02-28,84.61,28.17,140.93
2007-03-01,87.06,28.09,140.51
2007-03-02,85.41,27.76,138.67
2007-03-05,86.32,27.55,137.35
2007-03-06,88.19,27.83,139.7
2007-03-07,87.72,27.61,139.56
2007-03-08,88,27.32,140.74
2007-03-09,87.97,27.29,140.78
2007-03-12,89.87,27.44,140.99
2007-03-13,88.4,26.72,138.25
2007-03-14,90,27.4,139.28
2007-03-15,89.57,27.28,139.47
2007-03-16,89.59,27.33,138.53
2007-03-19,91.13,27.83,140.2
2007-03-20,91.48,27.84,140.97
2007-03-21,93.87,28.52,143.29
2007-03-22,93.96,28.27,143.18
2007-03-23,93.52,28.02,143.39
2007-03-26,95.85,28.22,143.2
2007-03-27,95.46,27.72,142.86
2007-03-28,93.24,27.64,141.82
2007-03-29,93.75,27.75,141.97
2007-03-30,92.91,27.87,142
2007-04-02,93.65,27.74,142.16
2007-04-03,94.5,27.87,143.69
2007-04-04,94.27,28.5,143.85
2007-04-05,94.68,28.55,144.24
2007-04-09,93.65,28.57,144.44
2007-04-10,94.25,28.4,144.61
2007-04-11,92.59,28.11,144.02
2007-04-12,92.19,28.54,144.66
2007-04-13,90.24,28.61,145.32
2007-04-16,91.43,28.73,146.7
2007-04-17,90.35,28.85,147.09
2007-04-18,90.4,28.6,147.27
2007-04-19,90.27,28.69,147.23
2007-04-20,90.97,29.02,148.62
2007-04-23,93.51,28.78,148.06
2007-04-24,93.24,28.79,148.12
2007-04-25,95.35,28.99,149.48
2007-04-26,98.84,29.1,149.65
2007-04-27,99.92,30.12,149.53
2007-04-30,99.8,29.94,148.29
2007-05-01,99.47,30.4,148.67
2007-05-02,100.39,30.61,149.54
2007-05-03,100.4,30.97,150.35
2007-05-04,100.81,30.56,150.92
2007-05-07,103.92,30.71,150.95
2007-05-08,105.06,30.75,150.75
2007-05-09,106.88,30.78,151.16
2007-05-10,107.34,30.58,149.58
2007-05-11,108.74,30.89,150.86
2007-05-14,109.36,30.97,150.53
2007-05-15,107.52,30.9,150.57
2007-05-16,107.34,31.07,151.6
2007-05-17,109.44,30.98,151.3
2007-05-18,110.02,30.83,152.62
2007-05-21,111.98,31.05,152.54
2007-05-22,113.54,30.69,152.42
2007-05-23,112.89,30.58,152.44
2007-05-24,110.69,30.17,151.06
2007-05-25,113.62,30.48,151.69
2007-05-29,114.35,30.79,152.24
2007-05-30,118.77,31.11,153.48
2007-05-31,121.19,30.69,153.32
2007-06-01,118.4,30.59,154.08
2007-06-04,121.33,30.72,154.1
2007-06-05,122.67,30.58,153.49
2007-06-06,123.64,30.29,151.84
2007-06-07,124.07,29.62,149.1
2007-06-08,124.49,30.05,151.04
2007-06-11,120.19,30.02,151.3
2007-06-12,120.38,29.85,149.65
2007-06-13,117.5,30.39,151.89
2007-06-14,118.75,30.52,152.86
2007-06-15,120.5,30.49,153.07
2007-06-18,125.09,30.51,152.89
2007-06-19,123.66,30.46,153.27
2007-06-20,121.55,30.01,151.14
2007-06-21,123.9,30.22,151.98
2007-06-22,123,29.49,150.55
2007-06-25,122.34,29.49,149.83
2007-06-26,119.65,29.52,148.29
2007-06-27,121.89,29.87,150.4
2007-06-28,120.56,29.83,150.38
2007-06-29,122.04,29.47,150.43
2007-07-02,121.26,29.74,151.79
2007-07-03,127.17,30.02,152.34
2007-07-05,132.75,29.99,152.18
2007-07-06,132.3,29.97,152.98
2007-07-09,130.33,29.87,153.1
2007-07-10,132.35,29.33,150.92
2007-07-11,132.39,29.49,151.99
2007-07-12,134.07,30.07,154.39
2007-07-13,137.73,29.82,154.85
2007-07-16,138.1,30.03,154.83
2007-07-17,138.91,30.78,154.75
2007-07-18,138.12,30.92,154.47
2007-07-19,140,31.51,155.07
2007-07-20,143.75,31.16,153.5
2007-07-23,143.7,31.19,153.97
2007-07-24,134.89,30.8,151.3
2007-07-25,137.26,30.71,151.61
2007-07-26,146,29.98,148.02
2007-07-27,143.85,29.39,145.11
2007-07-30,141.43,29.4,147.38
2007-07-31,131.76,28.99,145.72
2007-08-01,135,29.3,146.43
2007-08-02,136.49,29.52,147.6
2007-08-03,131.85,28.96,143.8
2007-08-06,135.25,29.54,146.21
2007-08-07,135.03,29.55,147.77
2007-08-08,134.01,30,149.83
2007-08-09,126.39,29.3,145.39
2007-08-10,125,28.71,144.71
2007-08-13,127.79,28.63,145.23
2007-08-14,124.03,28.27,143.01
2007-08-15,119.9,28.1,141.04
2007-08-16,117.05,27.81,142.1
2007-08-17,122.06,28.25,144.71
2007-08-20,122.22,28.26,144.64
2007-08-21,127.57,28.07,144.93
2007-08-22,132.51,28.22,146.65
2007-08-23,131.07,28.3,146.52
2007-08-24,135.3,28.81,148.33
2007-08-27,132.25,28.49,146.95
2007-08-28,126.82,27.93,143.72
2007-08-29,134.08,28.59,146.54
2007-08-30,136.25,28.45,146.15
2007-08-31,138.48,28.73,147.59
2007-09-04,144.16,28.81,149.08
2007-09-05,136.76,28.48,147.79
2007-09-06,135.01,28.91,148.13
2007-09-07,131.77,28.44,146.07
2007-09-10,136.71,28.48,145.79
2007-09-11,135.49,28.93,147.49
2007-09-12,136.85,28.93,147.87
2007-09-13,137.2,29.16,148.91
2007-09-14,138.81,29.04,148.9
2007-09-17,138.41,28.73,148.1
2007-09-18,140.92,28.93,152.46
2007-09-19,140.77,28.67,153.36
2007-09-20,140.31,28.42,152.28
2007-09-21,144.15,28.65,151.97
2007-09-24,148.28,29.08,151.69
2007-09-25,153.18,29.56,151.39
2007-09-26,152.77,29.5,152.19
2007-09-27,154.5,29.49,153.09
2007-09-28,153.47,29.46,152.58
2007-10-01,156.34,29.77,154.3
2007-10-02,158.45,29.7,154.09
2007-10-03,157.92,29.45,153.78
2007-10-04,156.24,29.71,154.02
2007-10-05,161.45,29.84,155.85
2007-10-08,167.91,29.84,155.02
2007-10-09,167.86,30.1,156.48
2007-10-10,166.79,30.23,156.22
2007-10-11,162.23,29.91,155.47
2007-10-12,167.25,30.17,156.33
2007-10-15,166.98,30.04,155.01
2007-10-16,169.58,30.32,153.78
2007-10-17,172.75,31.08,154.25
2007-10-18,173.5,31.16,153.69
2007-10-19,170.42,30.17,149.67
2007-10-22,174.36,30.51,150.54
2007-10-23,186.16,30.9,151.76
2007-10-24,185.93,31.25,151.48
2007-10-25,182.78,31.99,151.84
2007-10-26,184.7,35.03,153.62
2007-10-29,185.09,34.57,154.13
2007-10-30,187,35.57,153.06
2007-10-31,189.95,36.81,154.65
2007-11-01,187.44,37.06,151.03
2007-11-02,187.87,37.06,151.2
2007-11-05,186.18,36.73,150.05
2007-11-06,191.79,36.41,152.07
2007-11-07,186.3,35.52,147.91
2007-11-08,175.47,34.74,147.16
2007-11-09,165.37,33.73,145.14
2007-11-12,153.76,33.38,143.7
2007-11-13,169.96,34.46,148.08
2007-11-14,166.11,33.93,147.67
2007-11-15,164.3,33.76,145.54
2007-11-16,166.39,34.09,145.79
2007-11-19,163.95,33.96,143.76
2007-11-20,168.85,34.58,144.64
2007-11-21,168.46,34.23,141.68
2007-11-23,171.54,34.11,144.13
2007-11-26,172.54,32.97,140.95
2007-11-27,174.81,33.06,142.57
2007-11-28,180.22,33.7,147.13
2007-11-29,184.29,33.59,147.18
2007-11-30,182.22,33.6,148.66
2007-12-03,178.86,32.92,147.68
2007-12-04,179.81,32.77,146.36
2007-12-05,185.5,34.15,148.81
2007-12-06,189.95,34.55,150.94
2007-12-07,194.3,34.53,150.91
2007-12-10,194.21,34.76,152.08
2007-12-11,188.54,34.1,147.91
2007-12-12,190.86,34.47,149.37
2007-12-13,191.83,35.22,149.06
2007-12-14,190.39,35.31,147.17
2007-12-17,184.4,34.39,145.07
2007-12-18,182.98,34.74,145.88
2007-12-19,183.12,34.79,145.88
2007-12-20,187.21,35.52,146.8
2007-12-21,193.91,36.06,148.13
2007-12-24,198.8,36.58,149.23
2007-12-26,198.95,36.61,149.55
2007-12-27,198.57,35.97,147.67
2007-12-28,199.83,36.12,147.3
2007-12-31,198.08,35.6,146.21
2008-01-02,194.84,35.22,144.93
2008-01-03,194.93,35.37,144.86
2008-01-04,180.05,34.38,141.31
2008-01-07,177.64,34.61,141.19
2008-01-08,171.25,33.45,138.91
2008-01-09,179.4,34.44,140.37
2008-01-10,178.02,34.33,141.29
2008-01-11,172.69,33.91,140.15
2008-01-14,178.78,34.39,141.28
2008-01-15,169.04,34,138.17
2008-01-16,159.64,33.23,136.98
2008-01-17,160.89,33.11,133.43
2008-01-18,161.36,33.01,132.06
2008-01-22,155.64,31.96,130.72
2008-01-23,139.07,31.93,133.86
2008-01-24,135.6,33.25,134.99
2008-01-25,130.01,32.94,133.04
2008-01-28,130.01,32.72,135.24
2008-01-29,131.54,32.6,135.91
2008-01-30,132.18,32.2,134.91
2008-01-31,135.36,32.6,137.37
2008-02-01,133.75,30.45,139.58
2008-02-04,131.65,30.19,137.82
2008-02-05,129.36,29.07,134.13
2008-02-06,122,28.52,133.05
2008-02-07,121.24,28.12,133.93
2008-02-08,125.48,28.56,133.07
2008-02-11,129.45,28.21,133.75
2008-02-12,124.86,28.34,134.99
2008-02-13,129.4,28.96,136.37
2008-02-14,127.46,28.5,135.17
2008-02-15,124.63,28.42,135.14
2008-02-19,122.18,28.17,135.52
2008-02-20,123.82,28.22,135.92
2008-02-21,121.54,28.1,134.79
2008-02-22,119.46,27.68,135.62
2008-02-25,119.74,27.84,137.33
2008-02-26,119.15,28.38,138.36
2008-02-27,122.96,28.26,138.22
2008-02-28,129.91,27.93,136.87
2008-02-29,125.02,27.2,133.82
2008-03-03,121.73,26.99,133.5
2008-03-04,124.62,27.59,132.99
2008-03-05,124.49,28.12,133.83
2008-03-06,120.93,27.57,131.06
2008-03-07,122.25,27.87,129.71
2008-03-10,119.69,28.05,128
2008-03-11,127.35,29.28,132.6
2008-03-12,126.03,28.63,131.36
2008-03-13,127.94,28.62,131.65
2008-03-14,126.61,27.96,129.61
2008-03-17,126.73,28.3,128.3
2008-03-18,132.82,29.42,133.63
2008-03-19,129.67,28.62,130.32
2008-03-20,133.27,29.18,132.08
2008-03-24,139.53,29.17,134.72
2008-03-25,140.98,29.14,134.85
2008-03-26,145.06,28.56,133.2
2008-03-27,140.25,28.05,132.78
2008-03-28,143.01,27.91,131.51
2008-03-31,143.5,28.38,131.97
2008-04-01,149.53,29.5,136.61
2008-04-02,147.49,29.16,136.7
2008-04-03,151.61,29,137.04
2008-04-04,153.08,29.16,136.89
2008-04-07,155.89,29.16,136.96
2008-04-08,152.84,28.75,136.82
2008-04-09,151.44,28.89,135.83
2008-04-10,154.55,29.11,136.02
2008-04-11,147.14,28.28,133.38
2008-04-14,147.78,28.06,132.93
2008-04-15,148.38,28.25,133.24
2008-04-16,153.7,28.95,136.85
2008-04-17,154.49,29.22,137.05
2008-04-18,161.04,30,138.48
2008-04-21,168.16,30.42,138.55
2008-04-22,160.2,30.25,137.94
2008-04-23,162.89,31.45,137.72
2008-04-24,168.94,31.8,138.32
2008-04-25,169.73,29.83,139.6
2008-04-28,172.24,28.99,139.63
2008-04-29,175.05,28.64,139.08
2008-04-30,173.95,28.52,138.26
2008-05-01,180,29.4,141.12
2008-05-02,180.94,29.24,141.51
2008-05-05,184.73,29.08,140.83
2008-05-06,186.66,29.7,142.05
2008-05-07,182.59,29.21,139.52
2008-05-08,185.06,29.27,139.16
2008-05-09,183.45,29.39,138.9
2008-05-12,188.16,29.99,140.46
2008-05-13,189.96,29.78,140.48
2008-05-14,186.26,29.93,140.77
2008-05-15,189.73,30.45,142.53
2008-05-16,187.62,29.99,142.66
2008-05-19,183.6,29.46,143.05
2008-05-20,185.9,28.76,141.89
2008-05-21,178.19,28.25,139.49
2008-05-22,177.05,28.47,139.51
2008-05-23,181.17,28.05,137.64
2008-05-27,186.43,28.44,138.66
2008-05-28,187.01,28.18,139.3
2008-05-29,186.69,28.31,140
2008-05-30,188.75,28.32,140.35
2008-06-02,186.1,27.8,138.9
2008-06-03,185.37,27.31,138.09
2008-06-04,185.19,27.54,138.02
2008-06-05,189.43,28.3,140.78
2008-06-06,185.64,27.49,136.29
2008-06-09,181.61,27.71,136.62
2008-06-10,185.64,27.89,135.94
2008-06-11,180.81,27.12,133.94
2008-06-12,173.26,28.24,134.45
2008-06-13,172.37,29.07,136.15
2008-06-16,176.84,28.93,136.23
2008-06-17,181.43,28.8,135.57
2008-06-18,178.75,28.46,134.25
2008-06-19,180.9,28.93,134.42
2008-06-20,175.27,28.23,131.58
2008-06-23,173.16,27.97,131.45
2008-06-24,173.25,27.73,131.19
2008-06-25,177.39,28.35,131.81
2008-06-26,168.26,27.75,128.23
2008-06-27,170.09,27.63,127.53
2008-06-30,167.44,27.51,127.98
2008-07-01,174.68,26.87,128.38
2008-07-02,168.18,25.88,126.18
2008-07-03,170.12,25.98,126.31
2008-07-07,175.16,26.03,125.02
2008-07-08,179.55,25.85,127.24
2008-07-09,174.25,25.23,124.79
2008-07-10,176.63,25.45,125.3
2008-07-11,172.58,25.25,123.84
2008-07-14,173.88,25.15,122.72
2008-07-15,169.64,26.15,120.99
2008-07-16,172.81,27.26,123.96
2008-07-17,171.81,27.52,125.2
2008-07-18,165.15,25.86,125.98
2008-07-21,166.29,25.64,126.05
2008-07-22,162.02,25.8,127.48
2008-07-23,166.26,26.43,128.17
2008-07-24,159.03,25.44,125.51
2008-07-25,162.12,26.16,125.48
2008-07-28,154.4,25.5,123.64
2008-07-29,157.08,26.11,126.28
2008-07-30,159.88,26.23,128.53
2008-07-31,158.95,25.72,126.83
2008-08-01,156.66,25.44,126.16
2008-08-04,153.23,25.28,124.99
2008-08-05,160.64,26.21,128.36
2008-08-06,164.19,27.02,128.93
2008-08-07,163.57,27.39,127.01
2008-08-08,169.55,28.13,129.37
2008-08-11,173.56,27.9,130.71
2008-08-12,176.73,28.12,129.35
2008-08-13,179.3,27.91,128.57
2008-08-14,179.32,27.91,129.54
2008-08-15,175.74,27.81,130.17
2008-08-18,175.39,27.69,128.39
2008-08-19,173.53,27.32,126.99
2008-08-20,175.84,27.29,127.58
2008-08-21,174.29,27.18,127.8
2008-08-22,176.79,27.84,129.65
2008-08-25,172.55,27.66,127.02
2008-08-26,173.64,27.27,127.39
2008-08-27,174.67,27.56,128.63
2008-08-28,173.74,27.94,130.19
2008-08-29,169.53,27.29,128.79
2008-09-02,166.19,27.1,127.99
2008-09-03,166.96,26.9,127.88
2008-09-04,161.22,26.35,124.03
2008-09-05,160.18,25.65,124.42
2008-09-08,157.92,26.12,126.99
2008-09-09,151.68,26.1,123.22
2008-09-10,151.61,26.44,123.72
2008-09-11,152.65,27.34,125.51
2008-09-12,148.94,27.62,126.09
2008-09-15,140.36,26.82,120.09
2008-09-16,139.88,25.99,122.1
2008-09-17,127.83,24.57,116.61
2008-09-18,134.09,25.26,120.07
2008-09-19,140.91,25.16,124.12
2008-09-22,131.05,25.4,121.31
2008-09-23,126.84,25.44,118.55
2008-09-24,128.71,25.72,118.93
2008-09-25,131.93,26.61,120.79
2008-09-26,128.24,27.4,120.85
2008-09-29,105.26,25.01,111.38
2008-09-30,113.66,26.69,115.99
2008-10-01,109.12,26.48,116.06
2008-10-02,100.1,26.25,111.85
2008-10-03,97.07,26.32,110.34
2008-10-06,98.14,24.91,104.72
2008-10-07,89.16,23.23,100.03
2008-10-08,89.79,23.01,97.51
2008-10-09,88.74,22.3,90.7
2008-10-10,96.8,21.5,88.5
2008-10-13,110.26,25.5,101.35
2008-10-14,104.08,24.1,99.85
2008-10-15,97.95,22.66,90.02
2008-10-16,101.89,24.19,93.77
2008-10-17,97.4,23.93,93.21
2008-10-20,98.44,24.72,98.81
2008-10-21,91.49,23.36,95.86
2008-10-22,96.87,21.53,90.64
2008-10-23,98.23,22.32,91.69
2008-10-24,96.38,21.96,87.04
2008-10-27,92.09,21.18,83.95
2008-10-28,99.91,23.1,93.76
2008-10-29,104.55,23,93.08
2008-10-30,111.04,22.63,96.3
2008-10-31,107.59,22.33,96.83
2008-11-03,106.96,22.62,97.11
2008-11-04,110.99,23.53,100.41
2008-11-05,103.3,22.08,96.19
2008-11-06,99.1,20.88,90.86
2008-11-07,98.24,21.5,93.86
2008-11-10,95.88,21.3,92.63
2008-11-11,94.77,21.2,89.77
2008-11-12,90.12,20.3,85.82
2008-11-13,96.44,21.25,91.17
2008-11-14,90.24,20.06,86.62
2008-11-17,88.14,19.32,85.47
2008-11-18,89.91,19.62,87.08
2008-11-19,86.29,18.29,81.5
2008-11-20,80.49,17.53,75.45
2008-11-21,82.58,19.68,79.52
2008-11-24,92.95,20.69,85.03
2008-11-25,90.8,19.99,85.66
2008-11-26,95,20.49,88.97
2008-11-28,92.67,20.22,90.09
2008-12-01,88.93,18.61,82.11
2008-12-02,92.47,19.15,85.27
2008-12-03,95.9,19.87,87.32
2008-12-04,91.41,19.11,85.3
2008-12-05,94,19.87,87.93
2008-12-08,99.72,21.01,91
2008-12-09,100.06,20.6,89.5
2008-12-10,98.21,20.61,90.11
2008-12-11,95,19.45,87.94
2008-12-12,98.27,19.36,88.99
2008-12-15,94.75,19.04,87.75
2008-12-16,95.43,20.11,91.88
2008-12-17,89.16,19.66,90.99
2008-12-18,89.43,19.3,89.29
2008-12-19,90,19.12,88.19
2008-12-22,85.74,19.18,87.06
2008-12-23,86.38,19.28,86.16
2008-12-24,85.04,19.17,86.66
2008-12-26,85.81,19.13,87.16
2008-12-29,86.61,18.96,86.91
2008-12-30,86.29,19.34,88.97
2008-12-31,85.35,19.44,90.24
2009-01-02,90.75,20.33,92.96
2009-01-05,94.58,20.52,92.85
2009-01-06,93.02,20.76,93.47
2009-01-07,91.01,19.51,90.67
2009-01-08,92.7,20.12,91.04
2009-01-09,90.58,19.52,89.09
2009-01-12,88.66,19.47,86.95
2009-01-13,87.71,19.82,87.11
2009-01-14,85.33,19.09,84.37
2009-01-15,83.38,19.24,84.4
2009-01-16,82.33,19.71,85.06
2009-01-20,78.2,18.48,80.57
2009-01-21,82.83,19.38,84.05
2009-01-22,88.36,17.11,82.75
2009-01-23,88.36,17.2,83.11
2009-01-26,89.64,17.63,83.68
2009-01-27,90.73,17.66,84.53
2009-01-28,94.2,18.04,87.39
2009-01-29,93,17.59,84.55
2009-01-30,90.13,17.1,82.83
2009-02-02,91.51,17.83,82.58
2009-02-03,92.98,18.5,83.74
2009-02-04,93.55,18.63,83.33
2009-02-05,96.46,19.04,84.57
2009-02-06,99.72,19.66,86.98
2009-02-09,102.51,19.44,87.1
2009-02-10,97.83,18.8,83.11
2009-02-11,96.82,19.21,83.6
2009-02-12,99.27,19.26,83.66
2009-02-13,99.16,19.09,82.76
2009-02-17,94.53,18.09,79.22
2009-02-18,94.37,18.12,79.03
2009-02-19,90.64,17.91,78.18
2009-02-20,91.2,18,77.42
2009-02-23,86.95,17.21,74.65
2009-02-24,90.25,17.17,77.48
2009-02-25,91.16,16.96,76.87
2009-02-26,89.19,16.42,75.62
2009-02-27,89.31,16.15,73.93
2009-03-02,87.94,15.79,70.6
2009-03-03,88.37,15.88,70.07
2009-03-04,91.17,16.12,71.73
2009-03-05,88.84,15.27,68.8
2009-03-06,85.3,15.28,68.92
2009-03-09,83.11,15.15,68.11
2009-03-10,88.63,16.48,72.17
2009-03-11,92.68,17.11,72.64
2009-03-12,96.35,17.01,75.5
2009-03-13,95.93,16.65,76.09
2009-03-16,95.42,16.25,75.86
2009-03-17,99.66,16.9,78.18
2009-03-18,101.52,16.96,79.93
2009-03-19,101.62,17.14,78.94
2009-03-20,101.59,17.06,76.71
2009-03-23,107.66,18.33,82.22
2009-03-24,106.5,17.93,80.6
2009-03-25,106.49,17.88,81.45
2009-03-26,109.87,18.83,83.11
2009-03-27,106.85,18.13,81.61
2009-03-30,104.49,17.48,78.79
2009-03-31,105.12,18.37,79.52
2009-04-01,108.69,19.31,81.06
2009-04-02,112.71,19.29,83.43
2009-04-03,115.99,18.75,84.26
2009-04-06,118.45,18.76,83.6
2009-04-07,115,18.76,81.65
2009-04-08,116.32,19.19,82.53
2009-04-09,119.57,19.67,85.81
2009-04-13,120.22,19.59,85.83
2009-04-14,118.31,19.35,84.35
2009-04-15,117.64,18.83,85.25
2009-04-16,121.45,19.76,86.5
2009-04-17,123.42,19.2,87.08
2009-04-20,120.5,18.61,83.43
2009-04-21,121.76,18.97,85.06
2009-04-22,121.51,18.78,84.54
2009-04-23,125.4,18.92,85.37
2009-04-24,123.9,20.91,86.66
2009-04-27,124.73,20.4,85.84
2009-04-28,123.9,19.93,85.57
2009-04-29,125.14,20.25,87.39
2009-04-30,125.83,20.26,87.42
2009-05-01,127.24,20.24,87.89
2009-05-04,132.07,20.19,90.88
2009-05-05,132.71,19.79,90.57
2009-05-06,132.5,19.79,92.14
2009-05-07,129.06,19.32,90.86
2009-05-08,129.19,19.42,92.98
2009-05-11,129.57,19.32,91.24
2009-05-12,124.42,19.89,90.97
2009-05-13,119.49,19.75,88.68
2009-05-14,122.95,20.06,89.44
2009-05-15,122.42,20.22,88.71
2009-05-18,126.65,20.6,91.23
2009-05-19,127.45,20.31,91.12
2009-05-20,125.87,20.38,90.51
2009-05-21,124.18,19.82,89.21
2009-05-22,122.5,19.75,89.02
2009-05-26,130.78,20.34,91.3
2009-05-27,133.05,20.13,89.67
2009-05-28,135.07,20.45,90.92
2009-05-29,135.81,20.89,92.53
2009-06-01,139.35,21.4,94.77
2009-06-02,139.49,21.4,94.85
2009-06-03,140.95,21.73,93.65
2009-06-04,143.74,21.83,94.53
2009-06-05,144.67,22.14,94.55
2009-06-08,143.85,22.05,94.16
2009-06-09,142.72,22.08,94.64
2009-06-10,140.25,22.55,94.4
2009-06-11,139.95,22.83,94.82
2009-06-12,136.97,23.33,95.08
2009-06-15,136.09,23.42,92.9
2009-06-16,136.35,23.45,91.64
2009-06-17,135.58,23.68,91.55
2009-06-18,135.88,23.5,92.22
2009-06-19,139.48,24.07,92.04
2009-06-22,137.37,23.28,89.28
2009-06-23,134.01,23.34,89.35
2009-06-24,136.22,23.47,90.12
2009-06-25,139.86,23.79,92.08
2009-06-26,142.44,23.35,91.84
2009-06-29,141.97,23.86,92.7
2009-06-30,142.43,23.77,91.95
2009-07-01,142.83,24.04,92.33
2009-07-02,140.02,23.37,89.81
2009-07-06,138.61,23.2,89.8
2009-07-07,135.4,22.53,88.06
2009-07-08,137.22,22.56,88
2009-07-09,136.36,22.44,88.17
2009-07-10,138.52,22.39,87.96
2009-07-13,142.34,23.23,90.1
2009-07-14,142.27,23.11,90.61
2009-07-15,146.88,24.12,93.26
2009-07-16,147.52,24.44,93.11
2009-07-17,151.75,24.29,94.13
2009-07-20,152.91,24.53,95.13
2009-07-21,151.51,24.83,95.57
2009-07-22,156.74,24.8,95.55
2009-07-23,157.82,25.56,97.66
2009-07-24,159.99,23.45,98.06
2009-07-27,160.1,23.11,98.35
2009-07-28,160,23.47,97.89
2009-07-29,160.03,23.8,97.65
2009-07-30,162.79,23.81,98.67
2009-07-31,163.39,23.52,98.81
2009-08-03,166.43,23.83,100.44
2009-08-04,165.55,23.77,100.7
2009-08-05,165.11,23.81,100.41
2009-08-06,163.91,23.46,99.89
2009-08-07,165.51,23.56,101.2
2009-08-10,164.72,23.42,100.99
2009-08-11,162.83,23.13,99.73
2009-08-12,165.31,23.53,100.8
2009-08-13,168.42,23.62,101.57
2009-08-14,166.78,23.69,100.79
2009-08-17,159.59,23.25,98.31
2009-08-18,164,23.58,99.09
2009-08-19,164.6,23.65,99.96
2009-08-20,166.33,23.67,100.99
2009-08-21,169.22,24.41,102.97
2009-08-24,169.06,24.64,102.96
2009-08-25,169.4,24.64,103.16
2009-08-26,167.41,24.55,103.17
2009-08-27,169.45,24.69,103.4
2009-08-28,170.05,24.68,103.38
2009-08-31,168.21,24.65,102.46
2009-09-01,165.3,24,100.2
2009-09-02,165.18,23.86,99.82
2009-09-03,166.55,24.11,100.65
2009-09-04,170.31,24.62,102.06
2009-09-08,172.93,24.82,102.94
2009-09-09,171.14,24.78,103.73
2009-09-10,172.56,25,104.79
2009-09-11,172.16,24.86,104.77
2009-09-14,173.72,25,105.28
2009-09-15,175.16,25.2,105.72
2009-09-16,181.87,25.2,107.32
2009-09-17,184.55,25.3,107.16
2009-09-18,185.02,25.26,106.72
2009-09-21,184.02,25.3,106.45
2009-09-22,184.48,25.77,107.07
2009-09-23,185.5,25.71,106.18
2009-09-24,183.82,25.94,105.01
2009-09-25,182.37,25.55,104.45
2009-09-28,186.15,25.83,106.32
2009-09-29,185.38,25.75,106
2009-09-30,185.35,25.72,105.59
2009-10-01,180.86,24.88,102.97
2009-10-02,184.9,24.96,102.49
2009-10-05,186.02,24.64,104.02
2009-10-06,190.01,25.11,105.51
2009-10-07,190.25,25.1,105.8
2009-10-08,189.27,25.67,106.61
2009-10-09,190.47,25.55,107.26
2009-10-12,190.81,25.72,107.68
2009-10-13,190.02,25.81,107.46
2009-10-14,191.29,25.96,109.31
2009-10-15,190.56,26.71,109.71
2009-10-16,188.05,26.5,108.89
2009-10-19,189.86,26.36,109.79
2009-10-20,198.76,26.37,109.21
2009-10-21,204.92,26.58,108.23
2009-10-22,205.2,26.59,109.33
2009-10-23,203.94,28.02,108.08
2009-10-26,202.48,28.68,106.91
2009-10-27,197.37,28.59,106.42
2009-10-28,192.4,28.02,104.41
2009-10-29,196.35,28.22,106.65
2009-10-30,188.5,27.73,103.56
2009-11-02,189.31,27.88,104.32
2009-11-03,188.75,27.53,104.65
2009-11-04,190.81,28.06,104.92
2009-11-05,194.03,28.47,106.85
2009-11-06,194.34,28.52,107.13
2009-11-09,201.46,28.99,109.57
2009-11-10,202.98,29.01,109.59
2009-11-11,203.25,29.12,110.15
2009-11-12,201.99,29.36,109.03
2009-11-13,204.45,29.63,109.62
2009-11-16,206.63,29.54,111.21
2009-11-17,207,30,111.34
2009-11-18,205.96,30.11,111.27
2009-11-19,200.51,29.78,109.82
2009-11-20,199.92,29.62,109.43
2009-11-23,205.88,29.94,110.82
2009-11-24,204.44,29.91,110.99
2009-11-25,204.19,29.79,111.38
2009-11-27,200.59,29.22,109.57
2009-11-30,199.91,29.41,109.94
2009-12-01,196.97,30.01,111.3
2009-12-02,196.23,29.78,111.25
2009-12-03,196.48,29.83,110.38
2009-12-04,193.32,29.98,111.01
2009-12-07,188.95,29.79,110.84
2009-12-08,189.87,29.57,109.61
2009-12-09,197.8,29.71,110.02
2009-12-10,196.43,29.87,110.64
2009-12-11,194.67,29.85,111.11
2009-12-14,196.98,30.11,111.87
2009-12-15,194.17,30.02,111.35
2009-12-16,195.03,30.1,111.52
2009-12-17,191.86,29.6,110.18
2009-12-18,195.43,30.36,110.21
2009-12-21,198.23,30.52,111.33
2009-12-22,200.36,30.82,111.73
2009-12-23,202.1,30.92,111.95
2009-12-24,209.04,31,112.48
2009-12-28,211.61,31.17,112.72
2009-12-29,209.1,31.39,112.56
2009-12-30,211.64,30.96,112.52
2009-12-31,210.73,30.48,111.44
2010-01-04,214.01,30.95,113.33
2010-01-05,214.38,30.96,113.63
2010-01-06,210.97,30.77,113.71
2010-01-07,210.58,30.45,114.19
2010-01-08,211.98,30.66,114.57
2010-01-11,210.11,30.27,114.73
2010-01-12,207.72,30.07,113.66
2010-01-13,210.65,30.35,114.62
2010-01-14,209.43,30.96,114.93
2010-01-15,205.93,30.86,113.64
2010-01-19,215.04,31.1,115.06
2010-01-20,211.73,30.59,113.89
2010-01-21,208.07,30.01,111.7
2010-01-22,197.75,28.96,109.21
2010-01-25,203.07,29.32,109.77
2010-01-26,205.94,29.5,109.31
2010-01-27,207.88,29.67,109.83
2010-01-28,199.29,29.16,108.57
2010-01-29,192.06,28.18,107.39
2010-02-01,194.73,28.41,109.06
2010-02-02,195.86,28.46,110.38
2010-02-03,199.23,28.63,109.83
2010-02-04,192.05,27.84,106.44
2010-02-05,195.46,28.02,106.66
2010-02-08,194.12,27.72,105.89
2010-02-09,196.19,28.01,107.22
2010-02-10,195.12,27.99,107.01
2010-02-11,198.67,28.12,108.13
2010-02-12,200.38,27.93,108.04
2010-02-16,203.4,28.35,109.74
2010-02-17,202.55,28.59,110.26
2010-02-18,202.93,28.97,110.91
2010-02-19,201.67,28.77,111.14
2010-02-22,200.42,28.73,111.16
2010-02-23,197.06,28.33,109.81
2010-02-24,200.66,28.63,110.82
2010-02-25,202,28.6,110.67
2010-02-26,204.62,28.67,110.74
2010-03-01,208.99,29.02,111.89
2010-03-02,208.85,28.46,112.2
2010-03-03,209.33,28.46,112.3
2010-03-04,210.71,28.63,112.64
2010-03-05,218.95,28.59,114.25
2010-03-08,219.08,28.63,114.27
2010-03-09,223.02,28.8,114.46
2010-03-10,224.84,28.97,114.97
2010-03-11,225.5,29.18,115.45
2010-03-12,226.6,29.27,115.46
2010-03-15,223.84,29.29,115.49
2010-03-16,224.45,29.37,116.41
2010-03-17,224.12,29.63,117.1
2010-03-18,224.65,29.61,117.04
2010-03-19,222.25,29.59,115.97
2010-03-22,224.75,29.6,116.59
2010-03-23,228.36,29.88,117.41
2010-03-24,229.37,29.65,116.84
2010-03-25,226.65,30.01,116.65
2010-03-26,230.9,29.66,116.58
2010-03-29,232.39,29.59,117.32
2010-03-30,235.85,29.77,117.4
2010-03-31,235,29.29,117
2010-04-01,235.97,29.16,117.8
2010-04-05,238.49,29.27,118.76
2010-04-06,239.54,29.32,119.04
2010-04-07,240.6,29.35,118.36
2010-04-08,239.95,29.92,118.77
2010-04-09,241.79,30.34,119.55
2010-04-12,242.29,30.32,119.74
2010-04-13,242.43,30.45,119.83
2010-04-14,245.69,30.82,121.19
2010-04-15,248.92,30.87,121.29
2010-04-16,247.4,30.67,119.36
2010-04-19,247.07,31.04,119.81
2010-04-20,244.59,31.36,120.88
2010-04-21,259.22,31.33,120.66
2010-04-22,266.47,31.39,121.02
2010-04-23,270.83,30.96,121.81
2010-04-26,269.5,31.11,121.35
2010-04-27,262.04,30.85,118.48
2010-04-28,261.6,30.91,119.38
2010-04-29,268.64,31,120.86
2010-04-30,261.09,30.54,118.81
2010-05-03,266.35,30.86,120.35
2010-05-04,258.68,30.13,117.52
2010-05-05,255.99,29.85,116.82
2010-05-06,246.25,28.98,112.94
2010-05-07,235.86,28.21,111.26
2010-05-10,253.99,28.94,116.16
2010-05-11,256.52,28.88,115.83
2010-05-12,262.09,29.44,117.45
2010-05-13,258.36,29.24,115.99
2010-05-14,253.82,28.93,113.89
2010-05-17,254.22,28.94,113.95
2010-05-18,252.36,28.6,112.4
2010-05-19,248.34,28.24,111.76
2010-05-20,237.76,27.11,107.54
2010-05-21,242.32,26.84,109.11
2010-05-24,246.76,26.27,107.71
2010-05-25,245.22,26.07,107.82
2010-05-26,244.11,25.01,107.17
2010-05-27,253.35,26,110.76
2010-05-28,256.88,25.8,109.37
2010-06-01,260.83,25.89,107.53
2010-06-02,263.95,26.46,110.33
2010-06-03,263.12,26.86,110.71
2010-06-04,255.96,25.79,106.82
2010-06-07,250.94,25.29,105.49
2010-06-08,249.33,25.11,106.62
2010-06-09,243.2,24.79,106.05
2010-06-10,250.51,25,109.15
2010-06-11,253.51,25.66,109.68
2010-06-14,254.28,25.5,109.51
2010-06-15,259.69,26.58,112
2010-06-16,267.25,26.32,111.96
2010-06-17,271.87,26.37,112.14
2010-06-18,274.07,26.44,111.73
2010-06-21,270.17,25.95,111.41
2010-06-22,273.85,25.77,109.57
2010-06-23,270.97,25.31,109.23
2010-06-24,269,25,107.42
2010-06-25,266.7,24.53,107.87
2010-06-28,268.3,24.31,107.53
2010-06-29,256.17,23.31,104.21
2010-06-30,251.53,23.01,103.22
2010-07-01,248.48,23.16,102.76
2010-07-02,246.94,23.27,102.2
2010-07-06,248.63,23.82,102.87
2010-07-07,258.67,24.3,106.11
2010-07-08,258.09,24.41,107.16
2010-07-09,259.62,24.27,107.96
2010-07-12,257.29,24.83,108.03
2010-07-13,251.8,25.13,109.66
2010-07-14,252.73,25.44,109.65
2010-07-15,251.45,25.51,109.68
2010-07-16,249.9,24.89,106.66
2010-07-19,245.58,25.23,107.29
2010-07-20,251.89,25.48,108.48
2010-07-21,254.24,25.12,107.07
2010-07-22,259.02,25.84,109.46
2010-07-23,259.94,25.81,110.41
2010-07-26,259.28,26.1,111.56
2010-07-27,264.08,26.16,111.55
2010-07-28,260.96,25.95,110.83
2010-07-29,258.11,26.03,110.29
2010-07-30,257.25,25.81,110.27
2010-08-02,261.85,26.33,112.76
2010-08-03,261.93,26.16,112.22
2010-08-04,262.98,25.73,112.97
2010-08-05,261.7,25.37,112.85
2010-08-06,260.09,25.55,112.39
2010-08-09,261.75,25.61,112.99
2010-08-10,259.41,25.07,112.38
2010-08-11,250.19,24.86,109.3
2010-08-12,251.79,24.49,108.63
2010-08-13,249.1,24.4,108.31
2010-08-16,247.64,24.5,108.26
2010-08-17,251.97,24.71,109.59
2010-08-18,253.07,24.82,109.79
2010-08-19,249.88,24.44,107.88
2010-08-20,249.64,24.23,107.53
2010-08-23,245.8,24.28,107.12
2010-08-24,239.93,24.04,105.53
2010-08-25,242.89,24.1,105.94
2010-08-26,240.28,23.82,105.23
2010-08-27,241.62,23.93,106.86
2010-08-30,242.5,23.64,105.31
2010-08-31,243.1,23.47,105.31
2010-09-01,250.33,23.9,108.46
2010-09-02,252.17,23.94,109.47
2010-09-03,258.77,24.29,110.89
2010-09-07,257.81,23.96,109.64
2010-09-08,262.92,23.93,110.41
2010-09-09,263.07,24.01,110.92
2010-09-10,263.41,23.85,111.48
2010-09-13,267.04,25.11,112.72
2010-09-14,268.06,25.03,112.65
2010-09-15,270.22,25.12,113.08
2010-09-16,276.57,25.33,113.05
2010-09-17,275.37,25.22,112.49
2010-09-20,283.23,25.43,114.21
2010-09-21,283.77,25.15,113.98
2010-09-22,287.75,24.61,113.42
2010-09-23,288.92,24.43,112.5
2010-09-24,292.32,24.78,114.82
2010-09-27,291.16,24.73,114.27
2010-09-28,286.86,24.68,114.67
2010-09-29,287.37,24.5,114.47
2010-09-30,283.75,24.49,114.13
2010-10-01,282.52,24.38,114.61
2010-10-04,278.64,23.91,113.75
2010-10-05,288.94,24.35,116.04
2010-10-06,289.19,24.43,116.03
2010-10-07,289.22,24.53,115.89
2010-10-08,294.07,24.57,116.54
2010-10-11,295.36,24.59,116.65
2010-10-12,298.54,24.83,117.01
2010-10-13,300.14,25.34,117.92
2010-10-14,302.31,25.23,117.46
2010-10-15,314.74,25.54,117.7
2010-10-18,318,25.82,118.28
2010-10-19,309.49,25.1,116.73
2010-10-20,310.53,25.31,117.87
2010-10-21,309.52,25.42,118.13
2010-10-22,307.47,25.38,118.35
2010-10-25,308.84,25.19,118.7
2010-10-26,308.05,25.9,118.72
2010-10-27,307.83,26.05,118.38
2010-10-28,305.24,26.28,118.4
2010-10-29,300.98,26.67,118.49
2010-11-01,304.18,26.95,118.53
2010-11-02,309.36,27.39,119.47
2010-11-03,312.8,27.03,119.95
2010-11-04,318.27,27.14,122.26
2010-11-05,317.13,26.85,122.72
2010-11-08,318.62,26.81,122.49
2010-11-09,316.08,26.95,121.61
2010-11-10,318.03,26.94,122.1
2010-11-11,316.65,26.68,121.64
2010-11-12,308.03,26.27,120.2
2010-11-15,307.04,26.2,120.03
2010-11-16,301.59,25.81,118.16
2010-11-17,300.5,25.57,118.22
2010-11-18,308.43,25.84,119.96
2010-11-19,306.73,25.69,120.29
2010-11-22,313.36,25.73,120.19
2010-11-23,308.73,25.12,118.45
2010-11-24,314.8,25.37,120.2
2010-11-26,315,25.25,118.8
2010-11-29,316.87,25.31,119.16
2010-11-30,311.15,25.26,118.49
2010-12-01,316.4,26.04,121.01
2010-12-02,318.15,26.89,122.56
2010-12-03,317.44,27.02,122.89
2010-12-06,320.15,26.84,122.76
2010-12-07,318.21,26.87,122.83
2010-12-08,321.01,27.23,123.28
2010-12-09,319.76,27.08,123.76
2010-12-10,320.56,27.34,124.48
2010-12-13,321.67,27.25,124.56
2010-12-14,320.29,27.62,124.67
2010-12-15,320.36,27.85,124.1
2010-12-16,321.25,27.99,124.82
2010-12-17,320.61,27.9,124.3
2010-12-20,322.21,27.81,124.6
2010-12-21,324.2,28.07,125.39
2010-12-22,325.16,28.19,125.78
2010-12-23,323.6,28.3,125.6
2010-12-27,324.68,28.07,125.65
2010-12-28,325.47,28.01,125.83
2010-12-29,325.29,27.97,125.92
2010-12-30,323.66,27.85,125.72
2010-12-31,322.56,27.91,125.75
2011-01-03,329.57,27.98,127.05
2011-01-04,331.29,28.09,126.98
2011-01-05,334,28,127.64
2011-01-06,333.73,28.82,127.39
2011-01-07,336.12,28.6,127.14
2011-01-10,342.45,28.22,126.98
2011-01-11,341.64,28.11,127.43
2011-01-12,344.42,28.55,128.58
2011-01-13,345.68,28.19,128.37
2011-01-14,348.48,28.3,129.3
2011-01-18,340.65,28.66,129.52
2011-01-19,338.84,28.47,128.25
2011-01-20,332.68,28.35,128.08
2011-01-21,326.72,28.02,128.37
2011-01-24,337.45,28.38,129.1
2011-01-25,341.4,28.45,129.17
2011-01-26,343.85,28.78,129.67
2011-01-27,343.21,28.87,129.99
2011-01-28,336.1,27.75,127.72
2011-01-31,339.32,27.73,128.68
2011-02-01,345.03,27.99,130.74
2011-02-02,344.32,27.94,130.49
2011-02-03,343.44,27.65,130.78
2011-02-04,346.5,27.77,131.15
2011-02-07,351.88,28.2,131.97
2011-02-08,355.2,28.28,132.57
2011-02-09,358.16,27.97,132.27
2011-02-10,354.54,27.5,132.32
2011-02-11,356.85,27.25,133.11
2011-02-14,359.18,27.23,133.43
2011-02-15,359.9,26.96,133.01
2011-02-16,363.13,27.02,133.85
2011-02-17,358.3,27.21,134.25
2011-02-18,350.56,27.06,134.53
2011-02-22,338.61,26.59,131.83
2011-02-23,342.62,26.59,131.02
2011-02-24,342.88,26.77,130.93
2011-02-25,348.16,26.55,132.33
2011-02-28,353.21,26.58,133.15
2011-03-01,349.31,26.16,130.93
2011-03-02,352.12,26.08,131.21
2011-03-03,359.56,26.2,133.47
2011-03-04,360,25.95,132.47
2011-03-07,355.36,25.72,131.43
2011-03-08,355.76,25.91,132.58
2011-03-09,352.47,25.89,132.39
2011-03-10,346.67,25.41,129.94
2011-03-11,351.99,25.68,130.84
2011-03-14,353.56,25.69,130.05
2011-03-15,345.43,25.39,128.56
2011-03-16,330.01,24.79,126.18
2011-03-17,334.64,24.78,127.85
2011-03-18,330.67,24.8,127.76
2011-03-21,339.3,25.33,129.74
2011-03-22,341.2,25.3,129.29
2011-03-23,339.19,25.54,129.66
2011-03-24,344.97,25.81,130.9
2011-03-25,351.54,25.62,131.3
2011-03-28,350.44,25.41,130.98
2011-03-29,350.96,25.49,131.86
2011-03-30,348.63,25.61,132.77
2011-03-31,348.51,25.39,132.59
2011-04-01,344.56,25.48,133.15
2011-04-04,341.19,25.55,133.26
2011-04-05,338.89,25.78,133.24
2011-04-06,338.04,26.15,133.66
2011-04-07,338.08,26.2,133.32
2011-04-08,335.06,26.07,132.86
2011-04-11,330.8,25.98,132.46
2011-04-12,332.4,25.64,131.47
2011-04-13,336.13,25.63,131.46
2011-04-14,332.42,25.42,131.56
2011-04-15,327.46,25.37,132.04
2011-04-18,331.85,25.08,130.56
2011-04-19,337.86,25.15,131.31
2011-04-20,342.41,25.76,133.1
2011-04-21,350.7,25.52,133.78
2011-04-25,353.01,25.61,133.64
2011-04-26,350.42,26.19,134.79
2011-04-27,350.15,26.38,135.67
2011-04-28,346.75,26.71,136.11
2011-04-29,350.13,25.92,136.43
2011-05-02,346.28,25.66,136.22
2011-05-03,348.2,25.81,135.73
2011-05-04,349.57,26.06,134.83
2011-05-05,346.75,25.79,133.61
2011-05-06,346.66,25.87,134.2
2011-05-09,347.6,25.83,134.72
2011-05-10,349.45,25.67,135.87
2011-05-11,347.23,25.36,134.44
2011-05-12,346.57,25.32,135.08
2011-05-13,340.5,25.03,134.04
2011-05-16,333.3,24.57,133.19
2011-05-17,336.14,24.52,133.17
2011-05-18,339.87,24.69,134.36
2011-05-19,340.53,24.72,134.68
2011-05-20,335.22,24.49,133.61
2011-05-23,334.4,24.17,132.06
2011-05-24,332.19,24.15,131.95
2011-05-25,336.78,24.19,132.39
2011-05-26,335,24.67,133
2011-05-27,337.41,24.76,133.51
2011-05-31,347.83,25.01,134.9
2011-06-01,345.51,24.43,131.87
2011-06-02,346.1,24.22,131.73
2011-06-03,343.44,23.91,130.42
2011-06-06,338.04,24.01,129.04
2011-06-07,332.04,24.06,128.96
2011-06-08,332.24,23.94,128.42
2011-06-09,331.49,23.96,129.4
2011-06-10,325.9,23.71,127.6
2011-06-13,326.6,24.04,127.7
2011-06-14,332.44,24.22,129.32
2011-06-15,326.75,23.74,127.02
2011-06-16,325.16,24,127.3
2011-06-17,320.26,24.26,127.05
2011-06-20,315.32,24.47,127.7
2011-06-21,325.3,24.76,129.45
2011-06-22,322.61,24.65,128.67
2011-06-23,331.23,24.63,128.3
2011-06-24,326.35,24.3,126.81
2011-06-27,332.04,25.2,127.94
2011-06-28,335.26,25.8,129.61
2011-06-29,334.04,25.62,130.72
2011-06-30,335.67,26,131.97
2011-07-01,343.26,26.02,133.92
2011-07-05,349.43,26.03,133.81
2011-07-06,351.76,26.33,133.97
2011-07-07,357.2,26.77,135.36
2011-07-08,359.71,26.92,134.4
2011-07-11,354,26.63,131.97
2011-07-12,353.75,26.54,131.4
2011-07-13,358.02,26.63,131.84
2011-07-14,357.77,26.47,130.93
2011-07-15,364.92,26.78,131.69
2011-07-18,373.8,26.59,130.61
2011-07-19,376.85,27.54,132.73
2011-07-20,386.9,27.06,132.65
2011-07-21,387.29,27.1,134.49
2011-07-22,393.3,27.53,134.58
2011-07-25,398.5,27.91,133.83
2011-07-26,403.41,28.08,133.33
2011-07-27,392.59,27.33,130.6
2011-07-28,391.82,27.72,130.22
2011-07-29,390.48,27.4,129.33
2011-08-01,396.75,27.27,128.78
2011-08-02,388.91,26.8,125.49
2011-08-03,392.57,26.92,126.17
2011-08-04,377.37,25.94,120.26
2011-08-05,373.62,25.68,120.08
2011-08-08,353.21,24.48,112.26
2011-08-09,374.01,25.58,117.48
2011-08-10,363.69,24.2,112.29
2011-08-11,373.7,25.19,117.33
2011-08-12,376.99,25.1,118.12
2011-08-15,383.41,25.51,120.62
2011-08-16,380.48,25.35,119.59
2011-08-17,380.44,25.25,119.67
2011-08-18,366.05,24.67,114.51
2011-08-19,356.03,24.05,112.64
2011-08-22,356.44,23.98,112.73
2011-08-23,373.6,24.72,116.44
2011-08-24,376.18,24.9,118.08
2011-08-25,373.72,24.57,116.28
2011-08-26,383.58,25.25,117.97
2011-08-29,389.97,25.84,121.36
2011-08-30,389.99,26.23,121.68
2011-08-31,384.83,26.6,122.22
2011-09-01,381.03,26.21,120.94
2011-09-02,374.05,25.8,117.85
2011-09-06,379.74,25.51,116.99
2011-09-07,383.93,26,120.29
2011-09-08,384.14,26.22,119.04
2011-09-09,377.48,25.74,115.92
2011-09-12,379.94,25.89,116.67
2011-09-13,384.62,26.04,117.74
2011-09-14,389.3,26.5,119.37
2011-09-15,392.96,26.99,121.43
2011-09-16,400.5,27.12,121.52
2011-09-19,411.63,27.21,120.31
2011-09-20,413.45,26.98,120.17
2011-09-21,412.14,25.99,116.63
2011-09-22,401.82,25.06,112.86
2011-09-23,404.3,25.06,113.54
2011-09-26,403.17,25.44,116.24
2011-09-27,399.26,25.67,117.54
2011-09-28,397.01,25.58,115.14
2011-09-29,390.57,25.45,116.05
2011-09-30,381.32,24.89,113.15
2011-10-03,374.6,24.53,109.93
2011-10-04,372.5,25.34,112.34
2011-10-05,378.25,25.89,114.42
2011-10-06,377.37,26.34,116.49
2011-10-07,369.8,26.25,115.71
2011-10-10,388.81,26.94,119.58
2011-10-11,400.29,27,119.7
2011-10-12,402.19,26.96,120.75
2011-10-13,408.43,27.18,120.51
2011-10-14,422,27.27,122.57
2011-10-17,419.99,26.98,120.23
2011-10-18,422.24,27.31,122.58
2011-10-19,398.62,27.13,121.13
2011-10-20,395.31,27.04,121.66
2011-10-21,392.87,27.16,123.97
2011-10-24,405.77,27.19,125.49
2011-10-25,397.77,26.81,123.05
2011-10-26,400.6,26.59,124.3
2011-10-27,404.69,27.25,128.63
2011-10-28,404.95,26.98,128.6
2011-10-31,404.78,26.63,125.5
2011-11-01,396.51,25.99,122
2011-11-02,397.41,26.01,123.99
2011-11-03,403.07,26.53,126.25
2011-11-04,400.24,26.25,125.48
2011-11-07,399.73,26.8,126.26
2011-11-08,406.23,27.16,127.88
2011-11-09,395.28,26.2,123.16
2011-11-10,385.22,26.28,124.32
2011-11-11,384.62,26.91,126.66
2011-11-14,379.26,26.76,125.46
2011-11-15,388.83,26.74,126.08
2011-11-16,384.77,26.07,124.08
2011-11-17,377.41,25.54,122.11
2011-11-18,374.94,25.3,121.98
2011-11-21,369.01,25,119.66
2011-11-22,376.51,24.79,119.19
2011-11-23,366.99,24.47,116.56
2011-11-25,363.57,24.3,116.34
2011-11-28,376.12,24.87,119.71
2011-11-29,373.2,24.84,120.05
2011-11-30,382.2,25.58,124.99
2011-12-01,387.93,25.28,124.97
2011-12-02,389.7,25.22,124.86
2011-12-05,393.01,25.7,126.22
2011-12-06,390.95,25.66,126.26
2011-12-07,389.09,25.6,126.73
2011-12-08,390.66,25.4,123.95
2011-12-09,393.62,25.7,126.05
2011-12-12,391.84,25.51,124.21
2011-12-13,388.81,25.76,123.05
2011-12-14,380.19,25.59,121.74
2011-12-15,378.94,25.56,122.18
2011-12-16,381.02,26,121.59
2011-12-19,382.21,25.53,120.29
2011-12-20,395.95,26.03,123.93
2011-12-21,396.45,25.76,124.17
2011-12-22,398.55,25.81,125.27
2011-12-23,403.33,26.03,126.39
2011-12-27,406.53,26.04,126.49
2011-12-28,402.64,25.82,124.83
2011-12-29,405.12,26.02,126.12
2011-12-30,405,25.96,125.5
2012-01-03,411.23,26.77,127.5
2012-01-04,413.44,27.4,127.7
2012-01-05,418.03,27.68,128.04
2012-01-06,422.4,28.11,127.71
2012-01-09,421.73,27.74,128.02
2012-01-10,423.24,27.84,129.13
2012-01-11,422.55,27.72,129.2
2012-01-12,421.39,28,129.51
2012-01-13,419.81,28.25,128.84
2012-01-17,424.7,28.26,129.34
2012-01-18,429.11,28.23,130.77
2012-01-19,427.75,28.12,131.46
2012-01-20,420.3,29.71,131.95
2012-01-23,427.41,29.73,131.61
2012-01-24,420.41,29.34,131.46
2012-01-25,446.66,29.56,132.56
2012-01-26,444.63,29.5,131.88
2012-01-27,447.28,29.23,131.82
2012-01-30,453.01,29.61,131.37
2012-01-31,456.48,29.53,131.32
2012-02-01,456.19,29.89,132.47
2012-02-02,455.12,29.95,132.68
2012-02-03,459.68,30.24,134.54
2012-02-06,463.97,30.2,134.45
2012-02-07,468.83,30.35,134.79
2012-02-08,476.68,30.66,135.19
2012-02-09,493.17,30.77,135.36
2012-02-10,493.42,30.5,134.36
2012-02-13,502.6,30.58,135.36
2012-02-14,509.46,30.25,135.19
2012-02-15,497.67,30.05,134.56
2012-02-16,502.21,31.29,136.05
2012-02-17,502.12,31.25,136.41
2012-02-21,514.85,31.44,136.47
2012-02-22,513.04,31.27,136.03
2012-02-23,516.39,31.37,136.63
2012-02-24,522.41,31.48,136.93
2012-02-27,525.76,31.35,137.16
2012-02-28,535.41,31.87,137.56
2012-02-29,542.44,31.74,137.02
2012-03-01,544.47,32.29,137.73
2012-03-02,545.18,32.08,137.31
2012-03-05,533.16,31.8,136.75
2012-03-06,530.26,31.56,134.75
2012-03-07,530.69,31.84,135.69
2012-03-08,541.99,32.01,137.04
2012-03-09,545.17,31.99,137.57
2012-03-12,552,32.04,137.58
2012-03-13,568.1,32.67,140.06
2012-03-14,589.58,32.77,139.91
2012-03-15,585.56,32.85,140.72
2012-03-16,585.57,32.6,140.3
2012-03-19,601.1,32.2,140.85
2012-03-20,605.96,31.99,140.44
2012-03-21,602.5,31.91,140.21
2012-03-22,599.34,32,139.2
2012-03-23,596.05,32.01,139.65
2012-03-26,606.98,32.59,141.61
2012-03-27,614.48,32.52,141.17
2012-03-28,617.62,32.19,140.47
2012-03-29,609.86,32.12,140.23
2012-03-30,599.55,32.26,140.81
2012-04-02,618.63,32.29,141.84
2012-04-03,629.32,31.94,141.26
2012-04-04,624.31,31.21,139.86
2012-04-05,633.68,31.52,139.79
2012-04-09,636.23,31.1,138.22
2012-04-10,628.44,30.47,135.9
2012-04-11,626.2,30.35,137
2012-04-12,622.77,30.98,138.79
2012-04-13,605.23,30.81,137.14
2012-04-16,580.13,31.08,137.05
2012-04-17,609.7,31.44,139.08
2012-04-18,608.34,31.14,138.61
2012-04-19,587.44,31.01,137.72
2012-04-20,572.98,32.42,137.95
2012-04-23,571.7,32.12,136.79
2012-04-24,560.28,31.92,137.31
2012-04-25,610,32.2,139.19
2012-04-26,607.7,32.11,140.16
2012-04-27,603,31.98,140.39
2012-04-30,583.98,32.02,139.87
2012-05-01,582.13,32.01,140.74
2012-05-02,585.98,31.8,140.32
2012-05-03,581.82,31.76,139.25
2012-05-04,565.25,30.98,137
2012-05-07,569.48,30.65,137.1
2012-05-08,568.18,30.5,136.55
2012-05-09,569.18,30.76,135.74
2012-05-10,570.52,30.74,136.02
2012-05-11,566.71,31.16,135.61
2012-05-14,558.22,30.68,134.11
2012-05-15,553.17,30.21,133.34
2012-05-16,546.08,29.9,132.83
2012-05-17,530.12,29.72,130.86
2012-05-18,530.38,29.27,129.74
2012-05-21,561.28,29.75,131.97
2012-05-22,556.97,29.76,132.2
2012-05-23,570.56,29.11,132.27
2012-05-24,565.32,29.07,132.53
2012-05-25,562.29,29.06,132.1
2012-05-29,572.27,29.56,133.7
2012-05-30,579.17,29.34,131.76
2012-05-31,577.73,29.19,131.47
2012-06-01,560.99,28.45,128.16
2012-06-04,564.29,28.55,128.1
2012-06-05,562.83,28.51,129.07
2012-06-06,571.46,29.35,131.97
2012-06-07,571.72,29.23,132.05
2012-06-08,580.32,29.65,133.1
2012-06-11,571.17,28.9,131.41
2012-06-12,576.16,29.29,132.92
2012-06-13,572.16,29.13,132.07
2012-06-14,571.53,29.34,133.47
2012-06-15,574.13,30.02,134.14
2012-06-18,585.78,29.84,134.4
2012-06-19,587.41,30.7,135.7
2012-06-20,585.74,30.93,135.48
2012-06-21,577.67,30.14,132.44
2012-06-22,582.1,30.7,133.46
2012-06-25,570.77,29.87,131.32
2012-06-26,572.03,30.02,131.98
2012-06-27,574.5,30.17,133.17
2012-06-28,569.05,29.91,132.79
2012-06-29,584,30.59,136.1
2012-07-02,592.52,30.56,136.51
2012-07-03,599.41,30.76,137.41
2012-07-05,609.94,30.7,136.79
2012-07-06,605.88,30.19,135.49
2012-07-09,613.89,30,135.32
2012-07-10,608.21,29.74,134.14
2012-07-11,604.43,29.3,134.16
2012-07-12,598.9,28.63,133.51
2012-07-13,604.97,29.39,135.75
2012-07-16,606.91,29.44,135.43
2012-07-17,606.94,29.66,136.36
2012-07-18,606.26,30.45,137.37
2012-07-19,614.32,30.67,137.73
2012-07-20,604.3,30.12,136.47
2012-07-23,603.83,29.28,135.09
2012-07-24,600.92,29.15,133.93
2012-07-25,574.97,28.83,133.96
2012-07-26,574.88,29.16,136.17
2012-07-27,585.16,29.76,138.68
2012-07-30,595.03,29.64,138.68
2012-07-31,610.76,29.47,137.71
2012-08-01,606.81,29.41,137.59
2012-08-02,607.79,29.19,136.64
2012-08-03,615.7,29.75,139.35
2012-08-06,622.55,29.95,139.62
2012-08-07,620.91,30.26,140.32
2012-08-08,619.86,30.33,140.49
2012-08-09,620.73,30.5,140.61
2012-08-10,621.7,30.42,140.84
2012-08-13,630,30.39,140.77
2012-08-14,631.69,30.13,140.79
2012-08-15,630.83,30.2,140.95
2012-08-16,636.34,30.78,141.99
2012-08-17,648.11,30.9,142.18
2012-08-20,665.15,30.74,142.19
2012-08-21,656.06,30.8,141.76
2012-08-22,668.87,30.54,141.82
2012-08-23,662.63,30.26,140.66
2012-08-24,663.22,30.56,141.51
2012-08-27,675.68,30.69,141.54
2012-08-28,674.8,30.63,141.4
2012-08-29,673.47,30.65,141.51
2012-08-30,663.87,30.32,140.49
2012-08-31,665.24,30.82,141.16
2012-09-04,674.97,30.39,141.03
2012-09-05,670.23,30.39,140.91
2012-09-06,676.27,31.35,143.77
2012-09-07,680.44,30.95,144.33
2012-09-10,662.74,30.72,143.51
2012-09-11,660.59,30.79,143.91
2012-09-12,669.79,30.78,144.39
2012-09-13,682.98,30.94,146.59
2012-09-14,691.28,31.21,147.24
2012-09-17,699.78,31.21,146.74
2012-09-18,701.91,31.18,146.62
2012-09-19,702.1,31.05,146.7
2012-09-20,698.7,31.45,146.71
2012-09-21,700.09,31.19,145.87
2012-09-24,690.79,30.78,145.65
2012-09-25,673.54,30.39,144.1
2012-09-26,665.18,30.17,143.29
2012-09-27,681.32,30.16,144.64
2012-09-28,667.1,29.76,143.97
2012-10-01,659.39,29.49,144.35
2012-10-02,661.31,29.66,144.5
2012-10-03,671.45,29.86,145.09
2012-10-04,666.8,30.03,146.13
2012-10-05,652.59,29.85,146.14
2012-10-08,638.17,29.78,145.64
2012-10-09,635.85,29.28,144.2
2012-10-10,640.91,28.98,143.28
2012-10-11,628.1,28.95,143.36
2012-10-12,629.71,29.2,142.89
2012-10-15,634.76,29.51,144.08
2012-10-16,649.79,29.49,145.54
2012-10-17,644.61,29.59,146.2
2012-10-18,632.64,29.5,145.82
2012-10-19,609.84,28.64,143.39
2012-10-22,634.03,28,143.41
2012-10-23,613.36,28.05,141.42
2012-10-24,616.83,27.9,141.02
2012-10-25,609.54,27.88,141.43
2012-10-26,604,28.21,141.35
2012-10-31,595.32,28.54,141.35
2012-11-01,596.54,29.52,142.83
2012-11-02,576.8,29.5,141.56
2012-11-05,584.62,29.63,141.85
2012-11-06,582.85,29.86,142.96
2012-11-07,558,29.08,139.72
2012-11-08,537.75,28.81,138.04
2012-11-09,547.06,28.83,138.16
2012-11-12,542.83,28.22,138.27
2012-11-13,542.9,27.09,137.79
2012-11-14,536.88,26.84,135.93
2012-11-15,525.62,26.66,135.7
2012-11-16,527.68,26.52,136.37
2012-11-19,565.73,26.73,139.13
2012-11-20,560.91,26.71,139.19
2012-11-21,561.7,26.95,139.45
2012-11-23,571.5,27.7,141.35
2012-11-26,589.53,27.39,141.05
2012-11-27,584.78,27.08,140.33
2012-11-28,582.94,27.36,141.46
2012-11-29,589.36,26.95,142.12
2012-11-30,585.28,26.62,142.15
2012-12-03,586.19,26.43,141.45
2012-12-04,575.85,26.37,141.25
2012-12-05,538.79,26.67,141.5
2012-12-06,547.24,26.73,141.98
2012-12-07,533.25,26.46,142.41
2012-12-10,529.82,26.94,142.47
2012-12-11,541.39,27.32,143.44
2012-12-12,539,27.24,143.51
2012-12-13,529.69,27.11,142.63
2012-12-14,509.79,26.81,142.1
2012-12-17,518.83,27.1,143.77
2012-12-18,533.9,27.56,145.37
2012-12-19,526.31,27.31,144.29
2012-12-20,521.73,27.68,145.12
2012-12-21,519.33,27.45,142.79
2012-12-24,520.17,27.06,142.35
2012-12-26,513,26.86,141.75
2012-12-27,515.06,26.96,141.56
2012-12-28,509.59,26.55,140.03
2012-12-31,532.17,26.71,142.41
2013-01-02,549.03,27.62,146.06
2013-01-03,542.1,27.25,145.73
2013-01-04,527,26.74,146.37
2013-01-07,523.9,26.69,145.97
2013-01-08,525.31,26.55,145.55
2013-01-09,517.1,26.7,145.92
2013-01-10,523.51,26.46,147.08
2013-01-11,520.3,26.83,147.07
2013-01-14,501.75,26.89,146.97
2013-01-15,485.92,27.21,147.07
2013-01-16,506.09,27.04,147.05
2013-01-17,502.68,27.25,148
2013-01-18,500,27.25,148.33
2013-01-22,504.77,27.15,149.13
2013-01-23,514.01,27.61,149.37
2013-01-24,450.5,27.63,149.41
2013-01-25,439.88,27.88,150.25
2013-01-28,449.83,27.91,150.07
2013-01-29,458.27,28.01,150.66
2013-01-30,456.83,27.85,150.07
2013-01-31,455.49,27.45,149.7
2013-02-01,453.62,27.93,151.24
2013-02-04,442.32,27.44,149.54
2013-02-05,457.84,27.5,151.05
2013-02-06,457.35,27.34,151.16
2013-02-07,468.22,27.28,150.96
2013-02-08,474.98,27.55,151.8
2013-02-11,479.93,27.86,151.77
2013-02-12,467.9,27.88,152.02
2013-02-13,467.01,28.03,152.15
2013-02-14,466.59,28.04,152.29
2013-02-15,460.16,28.01,152.11
2013-02-19,459.99,28.05,153.25
2013-02-20,448.85,27.87,151.34
2013-02-21,446.06,27.49,150.42
2013-02-22,450.81,27.76,151.89
2013-02-25,442.8,27.37,149
2013-02-26,448.97,27.37,150.02
2013-02-27,444.57,27.81,151.91
2013-02-28,441.4,27.8,151.61
2013-03-01,430.47,27.95,152.11
2013-03-04,420.05,28.15,152.92
2013-03-05,431.14,28.35,154.29
2013-03-06,425.66,28.09,154.5
2013-03-07,430.58,28.14,154.78
2013-03-08,431.72,28,155.44
2013-03-11,437.87,27.87,156.03
2013-03-12,428.43,27.91,155.68
2013-03-13,428.35,27.92,155.9
2013-03-14,432.5,28.14,156.73
2013-03-15,443.66,28.04,155.83
2013-03-18,455.72,28.1,154.97
2013-03-19,454.49,28.18,154.61
2013-03-20,452.08,28.32,155.69
2013-03-21,452.73,28.11,154.36
2013-03-22,461.91,28.25,155.6
2013-03-25,463.58,28.16,154.95
2013-03-26,461.14,28.16,156.19
2013-03-27,452.08,28.37,156.19
2013-03-28,442.66,28.61,156.67
2013-04-01,428.91,28.61,156.05
2013-04-02,429.79,28.8,156.82
2013-04-03,431.99,28.56,155.23
2013-04-04,427.72,28.6,155.86
2013-04-05,423.2,28.7,155.16
2013-04-08,426.21,28.59,156.21
2013-04-09,426.98,29.61,156.75
2013-04-10,435.69,30.28,158.67
2013-04-11,434.33,28.94,159.19
2013-04-12,429.8,28.79,158.8
2013-04-15,419.85,28.69,155.12
2013-04-16,426.24,28.97,157.41
2013-04-17,402.8,28.83,155.11
2013-04-18,392.05,28.79,154.14
2013-04-19,390.53,29.77,155.48
2013-04-22,398.67,30.83,156.17
2013-04-23,406.13,30.6,157.78
2013-04-24,405.46,31.76,157.88
2013-04-25,408.38,31.94,158.52
2013-04-26,417.2,31.79,158.24
2013-04-29,430.12,32.61,159.3
2013-04-30,442.78,33.1,159.68
2013-05-01,439.29,32.72,158.28
2013-05-02,445.52,33.16,159.75
2013-05-03,449.98,33.49,161.37
2013-05-06,460.71,33.75,161.78
2013-05-07,458.66,33.31,162.6
2013-05-08,463.84,32.99,163.34
2013-05-09,456.77,32.66,162.88
2013-05-10,452.97,32.69,163.41
2013-05-13,454.74,33.03,163.54
2013-05-14,443.86,33.53,165.23
2013-05-15,428.85,33.85,166.12
2013-05-16,434.58,34.08,165.34
2013-05-17,433.26,34.87,166.94
2013-05-20,442.93,35.08,166.93
2013-05-21,439.66,34.85,167.17
2013-05-22,441.35,34.61,165.93
2013-05-23,442.14,34.15,165.45
2013-05-24,445.15,34.27,165.31
2013-05-28,441.44,35.02,166.3
2013-05-29,444.95,34.88,165.22
2013-05-30,451.58,35.03,165.83
2013-05-31,449.73,34.9,163.45
2013-06-03,450.72,35.59,164.35
2013-06-04,449.31,34.99,163.56
2013-06-05,445.11,34.78,161.27
2013-06-06,438.46,34.96,162.73
2013-06-07,441.81,35.67,164.8
2013-06-10,438.89,35.47,164.8
2013-06-11,437.6,34.84,163.1
2013-06-12,432.19,35,161.75
2013-06-13,435.96,34.72,164.21
2013-06-14,430.05,34.4,163.18
2013-06-17,432,35,164.44
2013-06-18,431.77,34.98,165.74
2013-06-19,423,34.59,163.45
2013-06-20,416.84,33.49,159.4
2013-06-21,413.5,33.27,159.07
2013-06-24,402.54,33.72,157.06
2013-06-25,402.63,33.67,158.57
2013-06-26,398.07,34.35,160.14
2013-06-27,393.78,34.62,161.08
2013-06-28,396.53,34.54,160.42
2013-07-01,409.22,34.36,161.36
2013-07-02,418.49,33.94,161.21
2013-07-03,420.8,34.01,161.28
2013-07-05,417.42,34.21,163.02
2013-07-08,415.05,34.33,163.95
2013-07-09,422.35,34.35,165.13
2013-07-10,420.73,34.7,165.19
2013-07-11,427.29,35.69,167.44
2013-07-12,426.51,35.67,167.51
2013-07-15,427.44,36.17,168.15
2013-07-16,430.2,36.27,167.52
2013-07-17,430.31,35.74,167.95
2013-07-18,431.76,35.44,168.87
2013-07-19,424.95,31.4,169.17
2013-07-22,426.31,32.01,169.5
2013-07-23,418.99,31.82,169.14
2013-07-24,440.51,31.96,168.52
2013-07-25,438.5,31.39,168.93
2013-07-26,440.99,31.62,169.11
2013-07-29,447.79,31.54,168.59
2013-07-30,453.32,31.85,168.59
2013-07-31,452.53,31.84,168.71
2013-08-01,456.68,31.67,170.66
2013-08-02,462.54,31.89,170.95
2013-08-05,469.45,31.7,170.7
2013-08-06,465.25,31.58,169.73
2013-08-07,464.98,32.06,169.18
2013-08-08,461.01,32.89,169.8
2013-08-09,454.45,32.7,169.31
2013-08-12,467.36,32.87,169.11
2013-08-13,489.57,32.23,169.61
2013-08-14,498.5,32.35,168.74
2013-08-15,497.91,31.79,166.38
2013-08-16,502.33,31.8,165.83
2013-08-19,507.74,31.39,164.77
2013-08-20,501.07,31.62,165.58
2013-08-21,502.36,31.61,164.56
2013-08-22,502.96,32.39,166.06
2013-08-23,501.02,34.75,166.62
2013-08-26,502.97,34.15,166
2013-08-27,488.59,33.26,163.33
2013-08-28,490.9,33.02,163.91
2013-08-29,491.7,33.55,164.17
2013-08-30,487.22,33.4,163.65
2013-09-03,488.58,31.88,164.39
2013-09-04,498.69,31.2,165.75
2013-09-05,495.27,31.23,165.96
2013-09-06,498.22,31.15,166.04
2013-09-09,506.17,31.66,167.63
2013-09-10,494.64,32.39,168.87
2013-09-11,467.71,32.74,169.4
2013-09-12,472.69,32.69,168.95
2013-09-13,464.9,33.03,169.33
2013-09-16,450.12,32.8,170.31
2013-09-17,455.32,32.93,171.07
2013-09-18,464.68,33.32,173.05
2013-09-19,472.3,33.64,172.76
2013-09-20,467.41,32.79,170.72
2013-09-23,490.64,32.74,169.93
2013-09-24,489.1,32.45,169.53
2013-09-25,481.53,32.51,169.04
2013-09-26,486.22,32.77,169.69
2013-09-27,482.75,33.27,168.91
2013-09-30,476.75,33.28,168.01
2013-10-01,487.96,33.58,169.34
2013-10-02,489.56,33.92,169.18
2013-10-03,483.41,33.86,167.62
2013-10-04,483.03,33.88,168.89
